URL location,Last modification date,Change frequency,Priority
https://researchservices.cornell.edu/,,weekly,1
https://researchservices.cornell.edu/about/essential-tools,2018-10-16T15:29Z,never,0.5
https://researchservices.cornell.edu/about/new-host-test-page,2021-08-03T11:51Z,never,0.5
https://researchservices.cornell.edu/about/whats-popular,2018-10-12T16:38Z,never,0.5
https://researchservices.cornell.edu/center-help,2024-12-11T20:08Z,yearly,0.5
https://researchservices.cornell.edu/close-project,2024-03-03T01:57Z,yearly,0.5
https://researchservices.cornell.edu/close-project/end-project-early,2019-09-18T20:59Z,never,0.5
https://researchservices.cornell.edu/close-project/finances,2021-12-21T02:51Z,never,0.5
https://researchservices.cornell.edu/close-project/how-to,2021-12-16T17:11Z,never,0.5
https://researchservices.cornell.edu/commercialize,2023-04-05T19:20Z,yearly,0.5
https://researchservices.cornell.edu/commercialize/engaging-companies,2023-04-05T19:25Z,yearly,0.5
https://researchservices.cornell.edu/commercialize/protect-ip,2019-06-13T03:00Z,never,0.5
https://researchservices.cornell.edu/commercialize/resources,2019-06-13T03:04Z,never,0.5
https://researchservices.cornell.edu/compliance,2022-02-21T03:51Z,never,0.5
https://researchservices.cornell.edu/compliance/conflict-of-interest,2023-02-27T15:32Z,never,0.5
https://researchservices.cornell.edu/compliance/financial-management,2022-07-08T18:48Z,never,0.5
https://researchservices.cornell.edu/compliance/human-research,2025-02-04T21:48Z,monthly,0.5
https://researchservices.cornell.edu/compliance/live-vertebrate-animal-research,2023-04-21T14:56Z,yearly,0.5
https://researchservices.cornell.edu/compliance/rcr,2024-09-11T02:44Z,yearly,0.5
https://researchservices.cornell.edu/compliance/research-safety,2022-04-14T15:56Z,never,0.5
https://researchservices.cornell.edu/compliance/rsna-or-biohazardous-research,2024-10-01T12:23Z,yearly,0.5
https://researchservices.cornell.edu/contact/ac2459,2025-01-21T19:20Z,yearly,0.5
https://researchservices.cornell.edu/contact/al2424,2025-01-21T20:01Z,yearly,0.5
https://researchservices.cornell.edu/contact/alj67,2025-01-21T19:56Z,yearly,0.5
https://researchservices.cornell.edu/contact/ao468,2025-01-21T20:26Z,yearly,0.5
https://researchservices.cornell.edu/contact/as4383,2025-01-21T20:26Z,yearly,0.5
https://researchservices.cornell.edu/contact/bmt2,2025-01-21T20:18Z,yearly,0.5
https://researchservices.cornell.edu/contact/cds277,2025-01-21T20:12Z,yearly,0.5
https://researchservices.cornell.edu/contact/cjw43,2025-01-21T20:22Z,yearly,0.5
https://researchservices.cornell.edu/contact/ck554,2025-01-21T19:57Z,yearly,0.5
https://researchservices.cornell.edu/contact/clz28,2024-10-24T13:36Z,yearly,0.5
https://researchservices.cornell.edu/contact/cma20,2024-07-30T13:37Z,yearly,0.5
https://researchservices.cornell.edu/contact/cv282,2025-01-21T20:19Z,yearly,0.5
https://researchservices.cornell.edu/contact/cw25,2024-11-12T14:03Z,yearly,0.5
https://researchservices.cornell.edu/contact/dbj43,2024-09-11T02:53Z,yearly,0.5
https://researchservices.cornell.edu/contact/djl363,2025-01-21T20:04Z,yearly,0.5
https://researchservices.cornell.edu/contact/dp462,2024-08-22T01:06Z,yearly,0.5
https://researchservices.cornell.edu/contact/ecv25,2025-01-21T20:18Z,yearly,0.5
https://researchservices.cornell.edu/contact/eev28,2025-01-21T20:21Z,yearly,0.5
https://researchservices.cornell.edu/contact/efp32,2025-01-21T20:11Z,yearly,0.5
https://researchservices.cornell.edu/contact/eh79,2025-01-06T19:55Z,yearly,0.5
https://researchservices.cornell.edu/contact/ekp54,2025-01-23T18:49Z,monthly,0.5
https://researchservices.cornell.edu/contact/emd239,2025-02-19T19:36Z,monthly,0.5
https://researchservices.cornell.edu/contact/esk96,2025-01-21T20:00Z,yearly,0.5
https://researchservices.cornell.edu/contact/gm467,2025-01-21T20:05Z,yearly,0.5
https://researchservices.cornell.edu/contact/hkr28,2025-01-21T19:59Z,yearly,0.5
https://researchservices.cornell.edu/contact/jas2233,2025-01-21T20:15Z,yearly,0.5
https://researchservices.cornell.edu/contact/jcb78,2025-01-21T19:20Z,yearly,0.5
https://researchservices.cornell.edu/contact/jdc37,2025-01-21T18:45Z,yearly,0.5
https://researchservices.cornell.edu/contact/jea233-0,2024-08-07T18:59Z,yearly,0.5
https://researchservices.cornell.edu/contact/jls679,2025-01-21T20:13Z,yearly,0.5
https://researchservices.cornell.edu/contact/jmm793,2024-09-11T02:56Z,yearly,0.5
https://researchservices.cornell.edu/contact/jmw549,2025-01-21T20:24Z,yearly,0.5
https://researchservices.cornell.edu/contact/jrw7,2024-12-17T18:11Z,yearly,0.5
https://researchservices.cornell.edu/contact/jsk7,2025-01-21T19:57Z,yearly,0.5
https://researchservices.cornell.edu/contact/kch227,2024-11-08T00:22Z,yearly,0.5
https://researchservices.cornell.edu/contact/kim28cornelledu,2025-02-19T14:08Z,monthly,0.5
https://researchservices.cornell.edu/contact/kjb6,2024-12-17T12:41Z,yearly,0.5
https://researchservices.cornell.edu/contact/klb1,2025-01-27T14:22Z,monthly,0.5
https://researchservices.cornell.edu/contact/kme78,2025-01-21T19:24Z,yearly,0.5
https://researchservices.cornell.edu/contact/kmq22,2024-08-08T15:45Z,yearly,0.5
https://researchservices.cornell.edu/contact/kts58,2025-01-21T20:16Z,yearly,0.5
https://researchservices.cornell.edu/contact/lwm55,2025-03-05T23:06Z,weekly,0.5
https://researchservices.cornell.edu/contact/maf49,2025-01-21T19:25Z,yearly,0.5
https://researchservices.cornell.edu/contact/mhb3,2025-01-21T19:19Z,yearly,0.5
https://researchservices.cornell.edu/contact/mib46,2024-08-07T12:53Z,yearly,0.5
https://researchservices.cornell.edu/contact/mk636,2024-08-30T18:41Z,yearly,0.5
https://researchservices.cornell.edu/contact/mlr323,2025-01-21T20:12Z,yearly,0.5
https://researchservices.cornell.edu/contact/mmc328,2025-01-21T20:06Z,yearly,0.5
https://researchservices.cornell.edu/contact/mpd95,2025-01-21T19:22Z,yearly,0.5
https://researchservices.cornell.edu/contact/ncf33,2025-01-21T19:27Z,yearly,0.5
https://researchservices.cornell.edu/contact/nfl1,2025-01-21T20:02Z,yearly,0.5
https://researchservices.cornell.edu/contact/nme34,2025-01-21T19:24Z,yearly,0.5
https://researchservices.cornell.edu/contact/oco5,2025-01-21T20:09Z,yearly,0.5
https://researchservices.cornell.edu/contact/plm86,2024-11-08T17:00Z,yearly,0.5
https://researchservices.cornell.edu/contact/rav68,2025-01-21T20:21Z,yearly,0.5
https://researchservices.cornell.edu/contact/rdm285,2025-01-21T20:07Z,yearly,0.5
https://researchservices.cornell.edu/contact/rjo72,2025-01-23T18:48Z,monthly,0.5
https://researchservices.cornell.edu/contact/rjr327,2025-01-07T20:28Z,yearly,0.5
https://researchservices.cornell.edu/contact/rsn2,2025-01-21T19:23Z,yearly,0.5
https://researchservices.cornell.edu/contact/rt222,2025-01-21T20:17Z,yearly,0.5
https://researchservices.cornell.edu/contact/scb255,2025-01-21T18:43Z,yearly,0.5
https://researchservices.cornell.edu/contact/sd536,2025-02-24T13:29Z,monthly,0.5
https://researchservices.cornell.edu/contact/sem322,2025-01-21T20:08Z,yearly,0.5
https://researchservices.cornell.edu/contact/sg232,2025-01-21T19:28Z,yearly,0.5
https://researchservices.cornell.edu/contact/skr54,2025-01-21T19:55Z,yearly,0.5
https://researchservices.cornell.edu/contact/srf63,2025-01-21T19:26Z,yearly,0.5
https://researchservices.cornell.edu/contact/tjb3,2025-01-21T19:19Z,yearly,0.5
https://researchservices.cornell.edu/contact/tjk227,2025-03-02T17:06Z,monthly,0.5
https://researchservices.cornell.edu/contact/tlw62,2025-01-21T20:23Z,yearly,0.5
https://researchservices.cornell.edu/contact/tpg42,2025-01-21T19:29Z,yearly,0.5
https://researchservices.cornell.edu/contact/vmd29,2025-01-21T19:21Z,yearly,0.5
https://researchservices.cornell.edu/contact/wcf46,2025-01-21T19:27Z,yearly,0.5
https://researchservices.cornell.edu/contacts/ally-rooks-applications-systems-assistant,2022-07-26T18:11Z,never,0.5
https://researchservices.cornell.edu/contacts/amy-wells-ibc-administrator,2024-03-20T17:34Z,yearly,0.5
https://researchservices.cornell.edu/contacts/carrie-susskind-product-manager-research-administration-support-system-rass,2019-06-21T14:16Z,never,0.5
https://researchservices.cornell.edu/contacts/christine-bellezza-dvm-director-research-assurance,2020-11-30T20:38Z,never,0.5
https://researchservices.cornell.edu/contacts/christine-han-hr-associate,2024-04-23T01:43Z,yearly,0.5
https://researchservices.cornell.edu/contacts/ciara-schiess-coi-rcr-compliance-assistant,2022-01-06T20:13Z,never,0.5
https://researchservices.cornell.edu/contacts/david-cleveland-business-analyst,2021-10-14T18:59Z,never,0.5
https://researchservices.cornell.edu/contacts/erica-dunayer-compliance-administrator,2022-08-22T15:34Z,never,0.5
https://researchservices.cornell.edu/contacts/gayle-fagan-sr-rd-program-communications-manager,2024-12-05T14:07Z,yearly,0.5
https://researchservices.cornell.edu/contacts/jamie-washburn-assistant-hr-director,2024-04-25T14:00Z,yearly,0.5
https://researchservices.cornell.edu/contacts/joyel-moeller-senior-irb-administrator-and-reliance-specialist,2024-03-20T17:35Z,yearly,0.5
https://researchservices.cornell.edu/contacts/kathleen-furr-chief-administrative-officer,2024-07-09T19:02Z,yearly,0.5
https://researchservices.cornell.edu/contacts/kathy-mckee-strategic-hr-project-consultant,2024-04-23T02:45Z,yearly,0.5
https://researchservices.cornell.edu/contacts/kim-swartz-system-support-consultant,2019-06-08T01:08Z,never,0.5
https://researchservices.cornell.edu/contacts/kristie-devine-hr-business-partner,2024-04-23T01:40Z,yearly,0.5
https://researchservices.cornell.edu/contacts/lindsey-girodo-hr-associate,2024-04-23T01:40Z,yearly,0.5
https://researchservices.cornell.edu/contacts/lydia-galarneau-irb-compliance-assistant,2022-07-11T19:36Z,never,0.5
https://researchservices.cornell.edu/contacts/mike-tracy-systems-analyst,2019-06-08T01:10Z,never,0.5
https://researchservices.cornell.edu/contacts/myles-gideon-mls-irb-manager,2020-12-01T15:58Z,never,0.5
https://researchservices.cornell.edu/contacts/pamela-moore-office-manager-oria,2022-09-16T15:37Z,never,0.5
https://researchservices.cornell.edu/contacts/paul-davis-lead-business-analyst-product-manager-reporting,2019-06-08T01:00Z,never,0.5
https://researchservices.cornell.edu/contacts/rebecca-bell-compliance-administrator,2022-07-11T19:31Z,never,0.5
https://researchservices.cornell.edu/contacts/rob-felt-compliance-administrator,2019-09-19T19:08Z,never,0.5
https://researchservices.cornell.edu/contacts/sally-blinn-senior-administrative-support-and-event-coordinator,2024-06-03T20:50Z,yearly,0.5
https://researchservices.cornell.edu/contacts/valerie-ziarniak-irb-administrator,2022-07-11T19:33Z,never,0.5
https://researchservices.cornell.edu/contacts/vanessa-mccaffery-irb-administrator,2020-02-13T16:13Z,never,0.5
https://researchservices.cornell.edu/contacts/wendy-smith-senior-human-resources-director,2024-04-25T15:41Z,yearly,0.5
https://researchservices.cornell.edu/contacts/zach-jacques-director,2019-06-08T01:02Z,never,0.5
https://researchservices.cornell.edu/covid-19-summit,2020-12-09T20:50Z,never,0.5
https://researchservices.cornell.edu/events/2020-day-data-scholarship-through-collaboration,2020-07-02T16:37Z,never,0.5
https://researchservices.cornell.edu/events/2021-ccss-grant-writing-development-program,2022-10-19T17:52Z,never,0.5
https://researchservices.cornell.edu/events/2021-summer-pathways-success-p2s-symposium,2021-07-14T18:19Z,never,0.5
https://researchservices.cornell.edu/events/2023-nsf-career-resubmissions-working-reviewer-feedback-luncheon,2023-03-28T14:19Z,yearly,0.5
https://researchservices.cornell.edu/events/2023-nsf-faculty-early-career-development-career-award-kick-and-faculty-panel,2023-01-31T21:24Z,never,0.5
https://researchservices.cornell.edu/events/advance-seminars-panels-20-years-advance-and-30-years-nsf-broadening-participation-stem,2021-02-09T15:04Z,never,0.5
https://researchservices.cornell.edu/events/april-2021-osp-roundtable-conflict-interest,2022-01-19T05:30Z,never,0.5
https://researchservices.cornell.edu/events/april-2022-osp-roundtable-overview-responsible-conduct-research-entrepreneurship-principles,2022-04-08T14:15Z,never,0.5
https://researchservices.cornell.edu/events/april-ibc-meeting,2025-03-12T14:35Z,weekly,0.5
https://researchservices.cornell.edu/events/august-2021-osp-roundtable-national-science-foundation-nsf-updates,2022-10-16T20:04Z,never,0.5
https://researchservices.cornell.edu/events/august-2022-osp-roundtable-proposal-preparation-best-practices,2022-08-10T18:22Z,never,0.5
https://researchservices.cornell.edu/events/august-2023-osp-roundtable-hot-topics-federal-requirements,2023-08-09T17:00Z,yearly,0.5
https://researchservices.cornell.edu/events/broader-impacts-identity%20workshops,2021-10-05T17:25Z,never,0.5
https://researchservices.cornell.edu/events/cornell-center-health-equity-town-hall-meeting,2022-10-19T15:43Z,never,0.5
https://researchservices.cornell.edu/events/covid-19-summit,2020-12-09T20:28Z,never,0.5
https://researchservices.cornell.edu/events/ctam-webinar-info-session-2,2020-09-11T14:16Z,never,0.5
https://researchservices.cornell.edu/events/ctl-enterprise-seminar-nuts-and-bolts-university-based-startups,2019-11-06T21:12Z,never,0.5
https://researchservices.cornell.edu/events/ctl-ip-series-1-understanding-technology-transfer-process,2021-02-12T18:53Z,never,0.5
https://researchservices.cornell.edu/events/ctl-ip-series-2-what-patent-eligible-us,2021-03-01T19:07Z,never,0.5
https://researchservices.cornell.edu/events/ctl-ip-series-3-software-copyright-and-trademark,2021-03-23T18:13Z,never,0.5
https://researchservices.cornell.edu/events/ctl-office-hours-32321-plant-breeding-ithaca-geneva-jess-stein,2021-03-19T16:30Z,never,0.5
https://researchservices.cornell.edu/events/ctl-practicum-info-session,2020-09-11T14:11Z,never,0.5
https://researchservices.cornell.edu/events/ctl-practicum-internship-program-gain-hands-experience-technology-commercialization,2019-11-14T17:12Z,never,0.5
https://researchservices.cornell.edu/events/darpa-young-faculty-award-2021-proposers-day-webcast,2020-09-25T21:00Z,never,0.5
https://researchservices.cornell.edu/events/december-2020-osp-roundtable-introduction-sciencv-science-experts-network-curriculum-vitae,2022-10-19T17:53Z,never,0.5
https://researchservices.cornell.edu/events/december-2021-osp-roundtable-nih-changes,2021-12-06T21:32Z,never,0.5
https://researchservices.cornell.edu/events/december-2022-osp-roundtable-national-science-foundation-nsf-policy-system-updates,2022-12-05T21:09Z,never,0.5
https://researchservices.cornell.edu/events/december-2024-osp-roundtable,2024-11-21T21:41Z,yearly,0.5
https://researchservices.cornell.edu/events/february-2021-osp-roundtable-rass-current-and-pending-management,2022-10-19T17:51Z,never,0.5
https://researchservices.cornell.edu/events/february-2022-osp-roundtable-human-participant-research-rass,2022-02-09T21:51Z,never,0.5
https://researchservices.cornell.edu/events/financial-research-administration-forum,2019-11-14T23:22Z,never,0.5
https://researchservices.cornell.edu/events/fruit-vegetable-markets-covid-19-impacts-and-beyond,2021-03-19T18:23Z,never,0.5
https://researchservices.cornell.edu/events/genevas-discoveries-commercialization,2020-02-20T21:26Z,never,0.5
https://researchservices.cornell.edu/events/getting-dod-funding,2023-08-25T02:01Z,yearly,0.5
https://researchservices.cornell.edu/events/ignite-research-acceleration-webinar-info-session-1,2021-04-06T21:49Z,never,0.5
https://researchservices.cornell.edu/events/industry-exchange,2020-11-20T13:58Z,never,0.5
https://researchservices.cornell.edu/events/information-session-research-and-innovation-support-services,2020-12-09T20:09Z,never,0.5
https://researchservices.cornell.edu/events/introduction-nih,2023-10-25T14:21Z,yearly,0.5
https://researchservices.cornell.edu/events/ip-series-2-why-are-diagnostic-claims-so-hard-get-us,2024-02-23T15:41Z,yearly,0.5
https://researchservices.cornell.edu/events/january-2021-osp-roundtable-intellectual-property-management-sponsored-projects,2023-09-19T21:16Z,yearly,0.5
https://researchservices.cornell.edu/events/january-2022-osp-roundtable-national-science-foundation-nsf-career-proposal-process-research,2022-01-10T19:35Z,never,0.5
https://researchservices.cornell.edu/events/january-2023-osp-roundtable-irb,2023-01-10T20:27Z,never,0.5
https://researchservices.cornell.edu/events/july-2021-osp-roundtable-subawards-sponsored-projects,2022-10-16T20:07Z,never,0.5
https://researchservices.cornell.edu/events/june-2021-osp-roundtable-cornells-research-data-retention-policy,2021-07-09T16:49Z,never,0.5
https://researchservices.cornell.edu/events/june-2022-osp-roundtable-trade-compliance-series-part-2,2022-06-08T15:15Z,never,0.5
https://researchservices.cornell.edu/events/keys-competitive-nsf-career-hanover-research-webinar,2022-10-19T15:41Z,never,0.5
https://researchservices.cornell.edu/events/live-panel-discussion-women-innovators-cornell-university,2020-06-18T14:28Z,never,0.5
https://researchservices.cornell.edu/events/march-2022-osp-roundtable-become-expert-prior-approvals,2022-03-01T16:07Z,never,0.5
https://researchservices.cornell.edu/events/march-2023-osp-roundtable-export-controls-and-academia,2024-05-08T18:41Z,yearly,0.5
https://researchservices.cornell.edu/events/may-2021-osp-roundtable-changes-nih-biosketch-and-other-support-document-requirements,2022-10-16T20:07Z,never,0.5
https://researchservices.cornell.edu/events/may-2022-osp-roundtable-trade-compliance-series-part-1-2,2022-05-05T14:25Z,never,0.5
https://researchservices.cornell.edu/events/may-2023-osp-roundtable-current-pending-management-and-reporting-rass,2023-05-07T15:50Z,yearly,0.5
https://researchservices.cornell.edu/events/national-science-foundation-distinguished-lecture,2022-10-19T15:52Z,never,0.5
https://researchservices.cornell.edu/events/nih-fall-2020-virtual-regional-seminar-program-funding-grants-administration,2020-11-09T20:23Z,never,0.5
https://researchservices.cornell.edu/events/nov-osp-roundtable-industry%20partnerships,2024-06-18T22:00Z,yearly,0.5
https://researchservices.cornell.edu/events/november-2020-osp-roundtable-research-development-your-new-best-friend,2022-10-19T15:51Z,never,0.5
https://researchservices.cornell.edu/events/november-2022-osp-roundtable--nih-data-management-and-sharing-,2022-11-16T17:42Z,never,0.5
https://researchservices.cornell.edu/events/november-2024-osp-roundtable,2024-10-22T15:03Z,yearly,0.5
https://researchservices.cornell.edu/events/november-ctl-office-hours-plant-breeding-ithaca-geneva,2020-11-20T15:54Z,never,0.5
https://researchservices.cornell.edu/events/nsf-career-peer-peer-workshop-series,2023-08-25T02:56Z,yearly,0.5
https://researchservices.cornell.edu/events/nsf-career-planning-seminar,2021-11-09T21:22Z,never,0.5
https://researchservices.cornell.edu/events/nsf-deb-virtual-office-hour-intbio,2022-10-19T18:20Z,never,0.5
https://researchservices.cornell.edu/events/nsf-listening-session-online-and-learning-assessment,2022-10-19T18:19Z,never,0.5
https://researchservices.cornell.edu/events/nsf-research-infrastructure-mid-scale-ri-2-program-webinar,2022-10-19T15:43Z,never,0.5
https://researchservices.cornell.edu/events/nsf-webinar-understanding-rules-life-emerging-networks-urolen-solicitation,2022-10-19T15:52Z,never,0.5
https://researchservices.cornell.edu/events/oct-2021-osp-roundtable-nys-and-federal-relations,2021-09-29T20:10Z,never,0.5
https://researchservices.cornell.edu/events/october-2020-osp-roundtable-cornells-research-administration-system-rass,2022-10-19T15:50Z,never,0.5
https://researchservices.cornell.edu/events/october-2022-osp-roundtable-conflicts-interest-rass,2022-10-19T17:58Z,never,0.5
https://researchservices.cornell.edu/events/oria-town-hall-april-14,2021-04-13T17:39Z,never,0.5
https://researchservices.cornell.edu/events/oria-town-hall-may-18,2021-07-09T17:34Z,never,0.5
https://researchservices.cornell.edu/events/partner-pepsico-webinar,2021-10-19T14:57Z,never,0.5
https://researchservices.cornell.edu/events/pew-2023-webinar,2023-08-25T02:23Z,yearly,0.5
https://researchservices.cornell.edu/events/plant-breeding-ithaca-geneva-jess-stein,2020-09-11T14:19Z,never,0.5
https://researchservices.cornell.edu/events/polyplexus-evidence-madness-competition,2020-12-05T18:00Z,never,0.5
https://researchservices.cornell.edu/events/proposers-day-webcast-enhanced-night-vision-eyeglass-form-factors-envision-program,2022-10-19T18:19Z,never,0.5
https://researchservices.cornell.edu/events/racp-winter-2025-call-applicants,2025-01-16T01:15Z,yearly,0.5
https://researchservices.cornell.edu/events/rass-irb-depth-zoom-training-thursday,2022-04-19T21:35Z,never,0.5
https://researchservices.cornell.edu/events/rass-irb-depth-zoom-training-tuesday,2022-04-20T01:56Z,never,0.5
https://researchservices.cornell.edu/events/sept-2022-osp-roundtable-data-security,2022-09-09T13:20Z,never,0.5
https://researchservices.cornell.edu/events/september-2021-osp-roundtable-research-administration-support-system-rass-proposal-budgeting,2021-08-31T14:35Z,never,0.5
https://researchservices.cornell.edu/events/september-roundtable-disclosing-foreign-relationships-and-activities,2020-09-04T18:34Z,never,0.5
https://researchservices.cornell.edu/events/smart-and-connected-communities-nsf-21-535-program-webinar,2022-10-19T18:18Z,never,0.5
https://researchservices.cornell.edu/events/spatial-transcriptomics-st-workshop,2023-08-25T02:03Z,yearly,0.5
https://researchservices.cornell.edu/events/tech-transfer-central-live-webinar,2023-07-07T14:27Z,yearly,0.5
https://researchservices.cornell.edu/events/technology-networks-online-symposium,2023-09-07T16:35Z,yearly,0.5
https://researchservices.cornell.edu/events/uidp-2025-annual-meeting-notice,2025-03-05T17:27Z,monthly,0.5
https://researchservices.cornell.edu/events/uidp-connect-2020,2020-09-23T18:58Z,never,0.5
https://researchservices.cornell.edu/events/uidp-insights-researchers,2022-02-17T16:27Z,never,0.5
https://researchservices.cornell.edu/events/uidp-partnership-perspectives-senior-fellow-sharing-series,2025-03-05T17:26Z,monthly,0.5
https://researchservices.cornell.edu/events/uidp-webinar-avery-dennison-open-innovation,2021-01-05T17:48Z,never,0.5
https://researchservices.cornell.edu/events/uidp-webinar-hosted-northwestern-university,2021-01-28T17:49Z,never,0.5
https://researchservices.cornell.edu/events/uidp-webinar-innovation-habits-high-growth-companies-findings-2021-rd-innovation-agenda,2021-11-16T19:57Z,never,0.5
https://researchservices.cornell.edu/events/university-technology-startup-series-1-founders-equity-ceo-assessment,2021-07-09T17:10Z,never,0.5
https://researchservices.cornell.edu/events/virtual-workshop-invitation-nominate-nsf-supported-workshop-mitigating-climate-change,2021-09-23T13:24Z,never,0.5
https://researchservices.cornell.edu/events/weill-digital-health-series-2-regulatory-landscapes-and-reimbursement-strategies-and-why-it,2021-03-19T16:40Z,never,0.5
https://researchservices.cornell.edu/events/weill-digital-health-series-3-securing-financing-and-founders-experience,2021-07-09T17:18Z,never,0.5
https://researchservices.cornell.edu/events/weill-institute-special-seminars,2021-12-01T17:28Z,never,0.5
https://researchservices.cornell.edu/events/weill-institute-special-seminars-0,2021-12-01T17:30Z,never,0.5
https://researchservices.cornell.edu/events/weill-institute-special-seminars-2,2021-12-01T17:33Z,never,0.5
https://researchservices.cornell.edu/events/weill-institute-special-seminars-cancelled,2021-12-14T20:14Z,never,0.5
https://researchservices.cornell.edu/events/wheres-edge-opportunities-future-computing-core-moon-and-beyond,2020-11-16T15:34Z,never,0.5
https://researchservices.cornell.edu/events/women-innovators-initiative-wi2-running-startup-perspective-two-women-founders-and-ceos,2021-03-23T18:00Z,never,0.5
https://researchservices.cornell.edu/events/women-innovators-initiative-wii-investing-women-entrepreneurs,2020-09-11T16:45Z,never,0.5
https://researchservices.cornell.edu/events/working-dod-program-officers,2023-10-20T22:07Z,yearly,0.5
https://researchservices.cornell.edu/events/write-it-right-one-hour-improved-writing-skills,2022-10-16T20:05Z,never,0.5
https://researchservices.cornell.edu/export-controls,2024-07-16T17:08Z,yearly,0.5
https://researchservices.cornell.edu/faculty-awards,2024-10-15T20:22Z,yearly,0.5
https://researchservices.cornell.edu/fed-shutdown-research,2025-03-17T10:39Z,daily,0.5
https://researchservices.cornell.edu/federal-transition,2025-03-11T19:32Z,weekly,0.5
https://researchservices.cornell.edu/gco,2024-12-03T18:24Z,yearly,0.5
https://researchservices.cornell.edu/iacuc-census,2022-11-03T01:37Z,never,0.5
https://researchservices.cornell.edu/manage,2024-11-13T02:23Z,yearly,0.5
https://researchservices.cornell.edu/manage/changes-and-deliverables,2022-03-03T03:55Z,never,0.5
https://researchservices.cornell.edu/manage/finalization,2024-02-13T14:21Z,yearly,0.5
https://researchservices.cornell.edu/manage/finances,2021-12-16T17:00Z,never,0.5
https://researchservices.cornell.edu/manage/get-confidential-information-data-equipment-or-materials,2021-08-17T05:22Z,never,0.5
https://researchservices.cornell.edu/manage/live-subjects-and-hazards,2024-09-16T14:49Z,yearly,0.5
https://researchservices.cornell.edu/manage/staffing,2019-10-21T20:52Z,never,0.5
https://researchservices.cornell.edu/manage/travel,2024-09-17T03:13Z,yearly,0.5
https://researchservices.cornell.edu/news/changes-research-human-participants-revisions-common-rule,2019-06-17T22:06Z,never,0.5
https://researchservices.cornell.edu/news/collaborative-irb-process-cornell-university-and-weill-cornell-medicine,2020-06-03T16:11Z,never,0.5
https://researchservices.cornell.edu/news/complete-scientific-research-infrastructure-survey,2020-12-09T20:06Z,never,0.5
https://researchservices.cornell.edu/news/concerns-about-undue-foreign-influence-guidance-cornell-community,2020-04-07T20:13Z,never,0.5
https://researchservices.cornell.edu/news/conflict-interest-system-launch-plan,2022-11-22T07:30Z,never,0.5
https://researchservices.cornell.edu/news/cornell-assistant-professors-win-early-career-awards,2022-10-19T18:21Z,never,0.5
https://researchservices.cornell.edu/news/cornell-atkinson-seeks-nominations-earthshot-prize,2022-10-19T18:22Z,never,0.5
https://researchservices.cornell.edu/news/federal-agencies-coronavirus-updates,2022-08-30T17:11Z,never,0.5
https://researchservices.cornell.edu/news/gdpr-european-data-regulation-impacts-research,2019-07-16T17:31Z,never,0.5
https://researchservices.cornell.edu/news/grant-writing-course-female-faculty-tackles-funding-gap,2019-09-11T19:40Z,never,0.5
https://researchservices.cornell.edu/news/grantsgov-scheduled-downtime-923-929-nih-deadlines-extended,2022-09-15T18:56Z,never,0.5
https://researchservices.cornell.edu/news/irb-news-amendments-migrated-protocols,2022-08-03T14:35Z,never,0.5
https://researchservices.cornell.edu/news/irb-news-fall-2021,2021-11-09T20:46Z,never,0.5
https://researchservices.cornell.edu/news/irb-news-new-training-requirement-exempt-research,2022-10-12T18:16Z,never,0.5
https://researchservices.cornell.edu/news/irb-newsletter-fall-2022,2022-10-11T13:57Z,never,0.5
https://researchservices.cornell.edu/news/irb-newsletter-summer-2023,2023-08-16T21:38Z,yearly,0.5
https://researchservices.cornell.edu/news/new-cayuse-animal-management-system-scheduled-go-live-monday-january-3-2022,2022-11-03T01:36Z,never,0.5
https://researchservices.cornell.edu/news/new-export-controls-related-advanced-computing-and-semiconductor-manufacturing,2023-12-19T15:44Z,yearly,0.5
https://researchservices.cornell.edu/news/new-nih-forms-h-effective-proposals-due-1252023,2022-09-15T18:28Z,never,0.5
https://researchservices.cornell.edu/news/new-website-finding-information-and-tools-manage-your-cornell-research,2022-04-14T15:58Z,never,0.5
https://researchservices.cornell.edu/news/nih-cdc-ahrq-orcid-requirements-effective-october-1-2019,2019-09-11T21:05Z,never,0.5
https://researchservices.cornell.edu/news/nih-changes-other-support-and-biosketch-format-and-instructions-january-25-2022,2022-01-18T22:58Z,never,0.5
https://researchservices.cornell.edu/news/nih-policy-change-new-data-management-and-sharing-policy,2024-03-28T16:07Z,yearly,0.5
https://researchservices.cornell.edu/news/rass-irb-launch-plan,2022-05-19T17:39Z,never,0.5
https://researchservices.cornell.edu/news/research-continuity-during-unexpected-disruptions,2025-03-18T19:50Z,hourly,0.5
https://researchservices.cornell.edu/news/responsible-ethical-research-new-cornell-resources-and-requirements,2024-11-13T02:04Z,yearly,0.5
https://researchservices.cornell.edu/news/revised-common-rule-some-provisions-now-effect-most-others-effective-january-21,2019-06-14T19:22Z,never,0.5
https://researchservices.cornell.edu/news/service-awards-honor-research-division-staff,2021-08-17T18:16Z,never,0.5
https://researchservices.cornell.edu/news/set-targeted-funding-alerts,2021-07-09T18:42Z,never,0.5
https://researchservices.cornell.edu/news/significant-nsf-policy-updates-effective-5202024,2024-08-13T17:02Z,yearly,0.5
https://researchservices.cornell.edu/news/single-irb-sirb-regulatory-requirements-effect-january-20-2020,2020-01-17T22:36Z,never,0.5
https://researchservices.cornell.edu/news/survey-pis-assist-reopening-laboratories,2020-05-26T21:35Z,never,0.5
https://researchservices.cornell.edu/news/ukrainerussia-transactions-guidance,2022-03-04T14:45Z,never,0.5
https://researchservices.cornell.edu/news/updated-travel-reimbursement-requirements,2024-09-17T18:28Z,yearly,0.5
https://researchservices.cornell.edu/news/updates-federal-sponsors,2024-07-16T20:29Z,yearly,0.5
https://researchservices.cornell.edu/news/van-vliet-named-vice-president-research-and-innovation,2023-02-01T11:58Z,never,0.5
https://researchservices.cornell.edu/news/visiting-scholar-lynnette-d-madsen,2024-04-17T18:22Z,yearly,0.5
https://researchservices.cornell.edu/news/womens-health-research-and-innovation,2024-07-16T18:40Z,yearly,0.5
https://researchservices.cornell.edu/node/2666,2019-05-31T17:04Z,never,1
https://researchservices.cornell.edu/offices/cals-office-sponsored-research,2021-08-17T05:42Z,never,0.5
https://researchservices.cornell.edu/offices/coi,2025-03-17T19:18Z,daily,0.5
https://researchservices.cornell.edu/offices/ctl,2020-01-27T17:30Z,never,0.5
https://researchservices.cornell.edu/offices/cvm-cro,2019-06-18T18:11Z,never,0.5
https://researchservices.cornell.edu/offices/ehs,2022-04-14T15:42Z,never,0.5
https://researchservices.cornell.edu/offices/export-controls-office,2024-07-15T13:38Z,yearly,0.5
https://researchservices.cornell.edu/offices/faim,2024-06-18T14:33Z,yearly,0.5
https://researchservices.cornell.edu/offices/iacuc,2024-08-08T15:51Z,yearly,0.5
https://researchservices.cornell.edu/offices/ibc,2024-10-01T12:25Z,yearly,0.5
https://researchservices.cornell.edu/offices/IRB,2024-07-03T18:06Z,yearly,0.5
https://researchservices.cornell.edu/offices/it-security-and-policy,2023-06-01T16:25Z,yearly,0.5
https://researchservices.cornell.edu/offices/office-corporate-engagement,2025-01-29T15:35Z,monthly,0.5
https://researchservices.cornell.edu/offices/ORIA,2024-12-19T23:01Z,yearly,0.5
https://researchservices.cornell.edu/offices/osp,2024-11-19T16:00Z,yearly,0.5
https://researchservices.cornell.edu/offices/ovpr,2025-03-18T15:20Z,daily,0.5
https://researchservices.cornell.edu/offices/pro,2024-11-19T15:12Z,yearly,0.5
https://researchservices.cornell.edu/offices/rais,2019-06-20T13:31Z,never,0.5
https://researchservices.cornell.edu/offices/rcr,2024-01-23T19:11Z,yearly,0.5
https://researchservices.cornell.edu/offices/rdbsc,2025-03-01T13:15Z,monthly,0.5
https://researchservices.cornell.edu/offices/research-and-innovation-human-resources-office,2024-04-25T14:03Z,yearly,0.5
https://researchservices.cornell.edu/offices/research-development-red,2025-02-19T19:35Z,monthly,0.5
https://researchservices.cornell.edu/offices/research-innovation-communications,2024-10-23T10:47Z,yearly,0.5
https://researchservices.cornell.edu/offices/research-security-office,2025-03-01T13:11Z,monthly,0.5
https://researchservices.cornell.edu/offices/sfs,2023-05-18T15:01Z,yearly,0.5
https://researchservices.cornell.edu/offices/summit,2024-11-18T19:35Z,yearly,0.5
https://researchservices.cornell.edu/offices/university-policy-office,2023-01-05T19:58Z,never,0.5
https://researchservices.cornell.edu/offices/weill-cornell-medicine-office-sponsored-research-administration,2023-09-27T18:14Z,yearly,0.5
https://researchservices.cornell.edu/policies/announcing-externally-sponsored-awards-guidance-communicators,2024-03-05T22:49Z,yearly,0.5
https://researchservices.cornell.edu/policies/announcing-externally-sponsored-awards-guidance-researchers,2024-02-13T14:19Z,yearly,0.5
https://researchservices.cornell.edu/policies/detecting-and-reporting-export-controls-violations,2024-01-11T20:08Z,yearly,0.5
https://researchservices.cornell.edu/policies/disclosing-international-partnerships-cornell-and-external-sponsors,2021-08-27T14:32Z,never,0.5
https://researchservices.cornell.edu/policies/export-control-compliance-manual,2024-01-11T20:34Z,yearly,0.5
https://researchservices.cornell.edu/policies/export-controls-i-129-attestation,2022-02-21T03:54Z,never,0.5
https://researchservices.cornell.edu/policies/export-controls-iran-sanctions-guidance-document,2022-09-23T16:07Z,never,0.5
https://researchservices.cornell.edu/policies/export-controls-regulations-and-overview,2025-02-10T20:20Z,monthly,0.5
https://researchservices.cornell.edu/policies/fcoi-guidance-consulting-and-other-external-engagements,2023-01-10T02:15Z,never,0.5
https://researchservices.cornell.edu/policies/fcoi-guidance-principles-underlying-conflict-interest-coi-and-conflict-commitment-coc,2024-11-18T19:32Z,yearly,0.5
https://researchservices.cornell.edu/policies/fcoi-guidance-research-involving-human-participants,2023-02-22T19:44Z,never,0.5
https://researchservices.cornell.edu/policies/fcoi-guidance-sbirsttr-projects,2023-01-28T18:48Z,never,0.5
https://researchservices.cornell.edu/policies/financial-management-sponsored-projects-policies-and-procedures,2023-08-25T18:38Z,yearly,0.5
https://researchservices.cornell.edu/policies/guide-conflict-managers-cmps-implemented-fcoi-committee,2019-06-21T19:07Z,never,0.5
https://researchservices.cornell.edu/policies/iacuc-policy-100-cornell-university-whistle-blower-policy,2022-12-20T20:44Z,never,0.5
https://researchservices.cornell.edu/policies/iacuc-policy-110-managing-reported-concerns-deviations-protocols-or-unanticipated-adverse,2024-11-06T16:47Z,yearly,0.5
https://researchservices.cornell.edu/policies/iacuc-policy-200-education-and-training-humane-care-and-use-animals-research-teaching-and,2025-01-31T19:11Z,monthly,0.5
https://researchservices.cornell.edu/policies/iacuc-policy-300-review-and-approval-applications-protocols-amendments-and-annual-reviews,2024-09-27T16:45Z,yearly,0.5
https://researchservices.cornell.edu/policies/iacuc-policy-310-process-review-and-approval-protocols-and-amendments-biohazardous,2023-09-29T12:50Z,yearly,0.5
https://researchservices.cornell.edu/policies/iacuc-policy-320-guidelines-assigning-animals-pain-and-distress-categories,2022-12-21T19:54Z,never,0.5
https://researchservices.cornell.edu/policies/iacuc-policy-330-managing-exemptions-standards-care,2023-06-29T15:10Z,yearly,0.5
https://researchservices.cornell.edu/policies/iacuc-policy-340-principal-investigator-eligibility-protocols-involving-use-vertebrate,2024-06-13T14:26Z,yearly,0.5
https://researchservices.cornell.edu/policies/iacuc-policy-350-animal-work-conducted-non-cornell-organizations,2022-08-25T20:26Z,never,0.5
https://researchservices.cornell.edu/policies/iacuc-policy-360-obtaining-custom-antibodies-live-animals,2023-11-30T16:08Z,yearly,0.5
https://researchservices.cornell.edu/policies/iacuc-policy-370-post-approval-monitoring-program,2024-11-06T16:54Z,yearly,0.5
https://researchservices.cornell.edu/policies/iacuc-policy-400-iacuc-policy-semi-annual-inspections,2023-04-21T14:09Z,yearly,0.5
https://researchservices.cornell.edu/policies/iacuc-policy-410-required-signage-animal-facilities-housing-and-procedure-areas,2023-06-16T14:22Z,yearly,0.5
https://researchservices.cornell.edu/policies/iacuc-policy-420-review-animal-facility-standard-operating-procedures-sops-and-animal-care,2022-10-28T15:12Z,never,0.5
https://researchservices.cornell.edu/policies/iacuc-policy-430-animal-transfers-and-tracking-animal-use-between-protocols,2023-09-11T14:47Z,yearly,0.5
https://researchservices.cornell.edu/policies/iacuc-policy-500-primary-clinical-veterinary-care-performed-non-care-veterinarians,2023-08-30T18:42Z,yearly,0.5
https://researchservices.cornell.edu/policies/iacuc-policy-510-protocol-refinement-or-modification-under-care-veterinarians-oversight,2024-10-29T19:48Z,yearly,0.5
https://researchservices.cornell.edu/policies/iacuc-policy-520-transportation-animals,2023-08-30T19:12Z,yearly,0.5
https://researchservices.cornell.edu/policies/iacuc-policy-530-exportation-animals-other-institutions,2022-08-24T18:16Z,never,0.5
https://researchservices.cornell.edu/policies/iacuc-policy-550-exceptions-social-housing-animals,2023-09-11T15:24Z,yearly,0.5
https://researchservices.cornell.edu/policies/irb-guidance-clinical-trials,2024-12-04T16:13Z,yearly,0.5
https://researchservices.cornell.edu/policies/irb-guidance-gdpr-research,2024-12-04T16:18Z,yearly,0.5
https://researchservices.cornell.edu/policies/irb-guidance-nih-certificates-confidentiality,2024-12-04T16:15Z,yearly,0.5
https://researchservices.cornell.edu/policies/irb-guidance-oral-histories-journalism-and-case-studies,2024-12-04T15:48Z,yearly,0.5
https://researchservices.cornell.edu/policies/irb-guidance-research-involving-existing-or-secondary-data-documents-or-records,2025-01-15T21:10Z,yearly,0.5
https://researchservices.cornell.edu/policies/irb-policy-1-determining-whether-research-activity-needs-irb-review-and-approval,2024-10-09T20:31Z,yearly,0.5
https://researchservices.cornell.edu/policies/irb-policy-10-informed-consent-options-processes-and-documentation,2025-01-15T20:53Z,yearly,0.5
https://researchservices.cornell.edu/policies/irb-policy-11-research-involving-children,2025-01-15T20:55Z,yearly,0.5
https://researchservices.cornell.edu/policies/irb-policy-12-human-participants-research-involving-prisoners,2025-01-15T20:59Z,yearly,0.5
https://researchservices.cornell.edu/policies/irb-policy-13-informed-consent-enrollment-and-other-considerations-research-involving,2025-01-15T20:57Z,yearly,0.5
https://researchservices.cornell.edu/policies/irb-policy-14-international-human-research,2024-12-04T16:28Z,yearly,0.5
https://researchservices.cornell.edu/policies/irb-policy-15-research-involving-cornell-students,2025-01-15T21:01Z,yearly,0.5
https://researchservices.cornell.edu/policies/irb-policy-16-computer-and-internet-based-human-participant-survey-research,2025-01-15T21:12Z,yearly,0.5
https://researchservices.cornell.edu/policies/irb-policy-17-pi-roles-and-responsibilities,2024-12-04T15:55Z,yearly,0.5
https://researchservices.cornell.edu/policies/irb-policy-18-new-york-state-laws-relevant-human-participant-research,2024-12-04T16:17Z,yearly,0.5
https://researchservices.cornell.edu/policies/irb-policy-19-use-physiological-devices-biomedical-procedures-or-biological-samples-human,2025-01-15T21:07Z,yearly,0.5
https://researchservices.cornell.edu/policies/irb-policy-2-submission-requirements-and-procedures-exemption-irb-review,2024-12-04T15:54Z,yearly,0.5
https://researchservices.cornell.edu/policies/irb-policy-20-use-social-networking-sites-or-mobile-devices-human-participant-research,2025-01-15T21:09Z,yearly,0.5
https://researchservices.cornell.edu/policies/irb-policy-3-expedited-and-full-board-reviews-initial-amendment-and-continuing,2024-10-09T18:29Z,yearly,0.5
https://researchservices.cornell.edu/policies/irb-policy-4-reporting-unanticipatedadverse-events,2024-12-04T16:01Z,yearly,0.5
https://researchservices.cornell.edu/policies/irb-policy-5-managing-noncompliance,2024-12-04T16:04Z,yearly,0.5
https://researchservices.cornell.edu/policies/irb-policy-6-suspension-and-termination-irb-protocols,2024-12-04T16:06Z,yearly,0.5
https://researchservices.cornell.edu/policies/irb-policy-7-reporting-unanticipated-problems-noncompliance-suspensions-and-terminations,2024-12-04T16:08Z,yearly,0.5
https://researchservices.cornell.edu/policies/irb-policy-8-closure-research-protocol,2024-12-04T15:56Z,yearly,0.5
https://researchservices.cornell.edu/policies/irb-policy-9-recruitment-and-payment-human-research-participants,2025-02-10T20:16Z,monthly,0.5
https://researchservices.cornell.edu/policies/irb-policy-guidance-cleaning-devices-or-objects-contact-intact-skin,2019-06-27T21:00Z,never,0.5
https://researchservices.cornell.edu/policies/irb-policy-guidance-irb-review-international-research,2021-12-21T03:21Z,never,0.5
https://researchservices.cornell.edu/policies/irb-policy-guidance-managing-risk-harm-self-or-others,2019-06-27T20:16Z,never,0.5
https://researchservices.cornell.edu/policies/irb-policy-guidance-protocols-involving-oral-consent,2019-06-27T20:52Z,never,0.5
https://researchservices.cornell.edu/policies/irb-policy-guidance-research-involving-cognitively-impaired-adults,2019-06-27T20:12Z,never,0.5
https://researchservices.cornell.edu/policies/irb-policy-guidance-revised-common-rule,2024-12-04T15:50Z,yearly,0.5
https://researchservices.cornell.edu/policies/irb-policy-irb-charge,2019-05-23T15:29Z,never,0.5
https://researchservices.cornell.edu/policies/irb-policy-parentguardian-permission-studies-involving-children,2019-06-27T19:09Z,never,0.5
https://researchservices.cornell.edu/policies/irb-policy-using-hipaa-data-research,2019-06-27T18:50Z,never,0.5
https://researchservices.cornell.edu/policies/managing-coi-research-involving-human-participants,2019-06-21T18:56Z,never,0.5
https://researchservices.cornell.edu/policies/nasa-affiliations-china-and-disclosing-current-pending-support,2022-09-15T18:31Z,never,0.5
https://researchservices.cornell.edu/policies/nih-disclosing-other-support-and-foreign-components,2021-07-12T17:07Z,never,0.5
https://researchservices.cornell.edu/policies/nsf-disclosing-current-pending-support-biographical-sketches-and-international,2021-09-15T13:05Z,never,0.5
https://researchservices.cornell.edu/policies/pi-eligibility,2021-08-25T20:24Z,never,0.5
https://researchservices.cornell.edu/policies/procedure-establishment-and-administration-fixed-price-agreements,2019-06-18T05:08Z,never,0.5
https://researchservices.cornell.edu/policies/venipuncture-guidance-research-human-subjects,2025-01-15T21:04Z,yearly,0.5
https://researchservices.cornell.edu/process/collaborating-weill-cornell-medicine,2019-09-27T16:15Z,never,0.5
https://researchservices.cornell.edu/process/gateway-partnership-program,2023-04-05T19:28Z,yearly,0.5
https://researchservices.cornell.edu/process/managing-subawards,2023-09-19T21:00Z,yearly,0.5
https://researchservices.cornell.edu/process/sars-cov-2covid-19-rapid-research-response,2020-10-02T01:04Z,never,0.5
https://researchservices.cornell.edu/proposal,2024-03-03T01:52Z,yearly,0.5
https://researchservices.cornell.edu/proposal/budget,2024-11-13T02:24Z,yearly,0.5
https://researchservices.cornell.edu/proposal/develop,2025-01-15T15:44Z,yearly,0.5
https://researchservices.cornell.edu/proposal/disclose-foreign-collaborations-and-support,2022-02-21T01:07Z,never,0.5
https://researchservices.cornell.edu/proposal/Find-Your-Next-Funding-Opportunity,2024-05-22T12:53Z,yearly,0.5
https://researchservices.cornell.edu/proposal/live-subjects-and-hazards,2022-04-14T15:58Z,never,0.5
https://researchservices.cornell.edu/proposal/subcontracts,2023-09-19T20:59Z,yearly,0.5
https://researchservices.cornell.edu/rates/care-diem-rates-animal-housing-and-care-service-fees,2025-01-14T20:40Z,yearly,0.5
https://researchservices.cornell.edu/rates/diem-rates-travel,2023-05-18T15:13Z,yearly,0.5
https://researchservices.cornell.edu/rates/employee-benefit-fringe-rates,2024-07-03T16:51Z,yearly,0.5
https://researchservices.cornell.edu/rates/escalation-rates,2025-01-02T21:20Z,yearly,0.5
https://researchservices.cornell.edu/rates/fa,2022-08-24T14:17Z,never,0.5
https://researchservices.cornell.edu/rates/grad-student-tuition-health-benefits-and-stipend,2021-08-12T16:26Z,never,0.5
https://researchservices.cornell.edu/rates/nih-salary-cap,2024-01-29T21:12Z,yearly,0.5
https://researchservices.cornell.edu/rates/postdoctoral-associate-minimum-salary,2024-04-23T21:14Z,yearly,0.5
https://researchservices.cornell.edu/rates/salary-cap-calculator,2022-08-10T16:29Z,never,0.5
https://researchservices.cornell.edu/rates/travel-funded-certain-ny-state-sponsored-awards,2019-06-18T04:07Z,never,0.5
https://researchservices.cornell.edu/rates/weill-cornell-medicine-fa-and-benefits-rates,2019-06-18T05:06Z,never,0.5
https://researchservices.cornell.edu/refresh,2021-10-27T14:20Z,never,0.5
https://researchservices.cornell.edu/research-concierge,2024-06-27T14:29Z,yearly,0.5
https://researchservices.cornell.edu/research-development,2025-02-19T15:53Z,monthly,0.5
https://researchservices.cornell.edu/research-security,2024-09-18T14:19Z,yearly,0.5
https://researchservices.cornell.edu/resources/about-irb-committee,2024-11-14T15:01Z,yearly,0.5
https://researchservices.cornell.edu/resources/account-award-portfolio-dashboard,2023-08-24T15:05Z,yearly,0.5
https://researchservices.cornell.edu/resources/account-setup-details,2023-08-04T15:31Z,yearly,0.5
https://researchservices.cornell.edu/resources/add-personnel-approved-iacuc-protocol,2022-11-02T19:06Z,never,0.5
https://researchservices.cornell.edu/resources/additional-things-consider-when-preparing-proposal,2020-08-21T20:19Z,never,0.5
https://researchservices.cornell.edu/resources/amend-your-iacuc-protocol,2023-04-06T19:10Z,yearly,0.5
https://researchservices.cornell.edu/resources/amendment-subaward-agreements,2023-09-01T13:33Z,yearly,0.5
https://researchservices.cornell.edu/resources/animal-program-assurance-accreditation-and-certifications,2024-12-20T20:29Z,yearly,0.5
https://researchservices.cornell.edu/resources/animal-user-health-and-safety-program-auhsp,2022-11-02T19:12Z,never,0.5
https://researchservices.cornell.edu/resources/animals-teaching-and-research-cornell-university,2024-02-08T19:49Z,yearly,0.5
https://researchservices.cornell.edu/resources/appendix-b-facilities-and-administrative-fa-cost-calculation-detail,2019-06-18T23:03Z,never,0.5
https://researchservices.cornell.edu/resources/appendix-b-office-responsible-post-award-administration,2019-11-21T13:54Z,never,0.5
https://researchservices.cornell.edu/resources/appendix-c-sample-budget-justification,2019-06-18T23:04Z,never,0.5
https://researchservices.cornell.edu/resources/appendix-d-sample-budget-conferences-and-seminars,2019-06-18T23:06Z,never,0.5
https://researchservices.cornell.edu/resources/appendix-e-cost-sharing-allowability-matrix,2019-06-19T13:36Z,never,0.5
https://researchservices.cornell.edu/resources/appendix-sample-budget-format-showing-major-categories,2019-06-18T23:02Z,never,0.5
https://researchservices.cornell.edu/resources/appendix-where-route-funding-request,2019-07-17T16:20Z,never,0.5
https://researchservices.cornell.edu/resources/avian-chlamydiosis-or-psittacosis,2022-11-03T02:07Z,never,0.5
https://researchservices.cornell.edu/resources/avian-mycobacteriosis,2022-11-03T02:13Z,never,0.5
https://researchservices.cornell.edu/resources/billing-invoicing-sponsors,2019-06-18T03:52Z,never,0.5
https://researchservices.cornell.edu/resources/biomedical-equipment-and-testing-rapid-response-betrr,2020-06-25T01:14Z,never,0.5
https://researchservices.cornell.edu/resources/budget-revisions,2019-06-18T04:10Z,never,0.5
https://researchservices.cornell.edu/resources/budget-templates-and-budget-justification-templates,2024-10-11T13:50Z,yearly,0.5
https://researchservices.cornell.edu/resources/campus-research,2024-01-11T20:09Z,yearly,0.5
https://researchservices.cornell.edu/resources/care-hazards-analysis,2022-11-03T01:18Z,never,0.5
https://researchservices.cornell.edu/resources/care-occupational-health-and-safety,2023-06-01T15:03Z,yearly,0.5
https://researchservices.cornell.edu/resources/care-service-details-and-fees,2024-07-03T13:27Z,yearly,0.5
https://researchservices.cornell.edu/resources/care-staff,2024-09-04T13:14Z,yearly,0.5
https://researchservices.cornell.edu/resources/change-pi-or-key-personnel-and-effort,2020-05-01T02:19Z,never,0.5
https://researchservices.cornell.edu/resources/chips-and-science-act-national-security-guardrails,2024-07-17T16:59Z,yearly,0.5
https://researchservices.cornell.edu/resources/closing-out-capital-assets-and-fabricated-equipment,2019-06-18T07:15Z,never,0.5
https://researchservices.cornell.edu/resources/coi-considerations-proposals-and-awards,2020-12-09T20:35Z,never,0.5
https://researchservices.cornell.edu/resources/complete-and-submit-invention-disclosure,2024-03-20T20:59Z,yearly,0.5
https://researchservices.cornell.edu/resources/complete-your-iacuc-annual-review,2023-04-06T18:57Z,yearly,0.5
https://researchservices.cornell.edu/resources/contagious-ecthyma-or-orf,2022-11-03T01:29Z,never,0.5
https://researchservices.cornell.edu/resources/covid-19-summit-speakers-schedule,2020-10-28T22:21Z,never,0.5
https://researchservices.cornell.edu/resources/coxiellosis-or-q-fever,2022-11-03T02:17Z,never,0.5
https://researchservices.cornell.edu/resources/cryptosporidiosis,2022-11-03T02:05Z,never,0.5
https://researchservices.cornell.edu/resources/data-management-plans,2024-01-22T01:48Z,yearly,0.5
https://researchservices.cornell.edu/resources/dermatophytosis-or-ringworm,2022-11-03T02:05Z,never,0.5
https://researchservices.cornell.edu/resources/direct-and-indirect-cost-examples,2019-06-19T13:55Z,never,0.5
https://researchservices.cornell.edu/resources/diverse-suppliers-requirements,2023-08-03T19:42Z,yearly,0.5
https://researchservices.cornell.edu/resources/dod-funding-early-career-faculty,2024-02-07T20:17Z,yearly,0.5
https://researchservices.cornell.edu/resources/dual-use-research-concern-durc,2019-06-18T03:07Z,never,0.5
https://researchservices.cornell.edu/resources/early-career-funding,2024-12-19T15:45Z,yearly,0.5
https://researchservices.cornell.edu/resources/ecoi-help-entity-report-pages,2019-03-28T05:37Z,never,0.5
https://researchservices.cornell.edu/resources/ecoi-offline-redirect-notice,2020-03-03T17:49Z,never,0.5
https://researchservices.cornell.edu/resources/equipment-and-instrumentation-grants,2025-02-01T04:03Z,monthly,0.5
https://researchservices.cornell.edu/resources/equipment-transfers,2023-05-18T15:04Z,yearly,0.5
https://researchservices.cornell.edu/resources/exchange-commercially-unavailable-materials,2023-07-11T15:34Z,yearly,0.5
https://researchservices.cornell.edu/resources/exchange-commercially-unavailablerestricted-data,2021-08-12T18:14Z,never,0.5
https://researchservices.cornell.edu/resources/exchange-confidential-information,2021-08-12T18:15Z,never,0.5
https://researchservices.cornell.edu/resources/export-control-and-confidentiality-agreements,2023-06-01T20:50Z,yearly,0.5
https://researchservices.cornell.edu/resources/export-control-quick-reference,2024-10-23T14:49Z,yearly,0.5
https://researchservices.cornell.edu/resources/export-controls-and-international-travel,2023-12-19T20:38Z,yearly,0.5
https://researchservices.cornell.edu/resources/export-controls-decision-trees,2023-04-28T20:08Z,yearly,0.5
https://researchservices.cornell.edu/resources/export-controls-frequently-asked-questions-faq,2023-08-10T02:59Z,yearly,0.5
https://researchservices.cornell.edu/resources/export-controls-procurement-and-shipping,2023-06-12T17:32Z,yearly,0.5
https://researchservices.cornell.edu/resources/export-controls-regulations-and-overview,2025-02-10T19:50Z,monthly,0.5
https://researchservices.cornell.edu/resources/export-controls-research-and-education,2023-06-01T21:04Z,yearly,0.5
https://researchservices.cornell.edu/resources/external-funding-graduate-students,2025-03-03T20:30Z,monthly,0.5
https://researchservices.cornell.edu/resources/federal-demonstration-partnership-fdp-expanded-clearinghouse-program,2023-09-19T20:55Z,yearly,0.5
https://researchservices.cornell.edu/resources/financial-conflicts-interest-committee,2023-03-23T17:39Z,yearly,0.5
https://researchservices.cornell.edu/resources/financial-reporting-sponsors,2019-06-17T21:51Z,never,0.5
https://researchservices.cornell.edu/resources/foreign-currency-awards,2023-08-09T18:45Z,yearly,0.5
https://researchservices.cornell.edu/resources/foundation-funding,2024-04-03T19:05Z,yearly,0.5
https://researchservices.cornell.edu/resources/function-code-descriptions,2019-07-10T17:15Z,never,0.5
https://researchservices.cornell.edu/resources/funding-opportunity-bezos-earth-fund-grand-challenge,2024-09-24T17:52Z,yearly,0.5
https://researchservices.cornell.edu/resources/gastrointestinal-infection,2022-11-03T02:14Z,never,0.5
https://researchservices.cornell.edu/resources/get-access-financial-sponsored-projects-data,2022-10-27T14:51Z,never,0.5
https://researchservices.cornell.edu/resources/get-started-live-vertebrate-animals,2022-11-03T01:56Z,never,0.5
https://researchservices.cornell.edu/resources/get-started-with-rsna-biohazardous-agents,2024-10-01T12:24Z,yearly,0.5
https://researchservices.cornell.edu/resources/giardiasis,2022-11-03T01:28Z,never,0.5
https://researchservices.cornell.edu/resources/grant-writing-resources-cornell,2025-01-24T04:22Z,monthly,0.5
https://researchservices.cornell.edu/resources/grants-women-and-underrepresented-communities,2025-02-26T16:24Z,monthly,0.5
https://researchservices.cornell.edu/resources/hantavirus-infection,2022-11-03T02:18Z,never,0.5
https://researchservices.cornell.edu/resources/human-embryonic-stem-cell-research-oversight-committee-escro,2024-07-09T14:44Z,yearly,0.5
https://researchservices.cornell.edu/resources/human-participant-data,2025-02-21T14:17Z,monthly,0.5
https://researchservices.cornell.edu/resources/iacuc-faq,2023-12-13T14:36Z,yearly,0.5
https://researchservices.cornell.edu/resources/iacuc-schedules,2024-12-20T21:06Z,yearly,0.5
https://researchservices.cornell.edu/resources/ibc-application-submission-review-and-approval,2024-10-14T14:30Z,yearly,0.5
https://researchservices.cornell.edu/resources/import-control,2024-01-11T20:09Z,yearly,0.5
https://researchservices.cornell.edu/resources/institutional-animal-care-and-use-committee-iacuc,2022-11-03T01:16Z,never,0.5
https://researchservices.cornell.edu/resources/institutional-biosafety-committee-ibc,2024-09-30T17:56Z,yearly,0.5
https://researchservices.cornell.edu/resources/institutional-profile-duns-and-uei-numbers,2025-01-22T13:53Z,monthly,0.5
https://researchservices.cornell.edu/resources/internal-funding-faculty-postdocs-students,2025-02-14T20:45Z,monthly,0.5
https://researchservices.cornell.edu/resources/irb-announcements-newsletters,2025-01-29T17:37Z,monthly,0.5
https://researchservices.cornell.edu/resources/irb-biomedical-research,2025-01-29T17:34Z,monthly,0.5
https://researchservices.cornell.edu/resources/irb-considerations-clinical-trials,2025-01-29T17:40Z,monthly,0.5
https://researchservices.cornell.edu/resources/irb-considerations-international-research,2025-02-10T20:18Z,monthly,0.5
https://researchservices.cornell.edu/resources/irb-faqs,2025-01-29T17:44Z,monthly,0.5
https://researchservices.cornell.edu/resources/irb-guidance-and-resources,2025-01-15T21:13Z,yearly,0.5
https://researchservices.cornell.edu/resources/irb-informed-consent,2021-11-16T21:14Z,never,0.5
https://researchservices.cornell.edu/resources/irb-newsletter-fall-2021,2021-11-17T17:44Z,never,0.5
https://researchservices.cornell.edu/resources/irb-training,2024-12-13T18:42Z,yearly,0.5
https://researchservices.cornell.edu/resources/issuing-subaward-agreement,2023-08-31T18:59Z,yearly,0.5
https://researchservices.cornell.edu/resources/keep-data-and-devices-safe-when-traveling,2023-11-28T03:00Z,yearly,0.5
https://researchservices.cornell.edu/resources/leptospirosis,2022-11-03T02:08Z,never,0.5
https://researchservices.cornell.edu/resources/life-cycle-irb-protocol,2024-09-06T13:50Z,yearly,0.5
https://researchservices.cornell.edu/resources/limited-submissions-funding-opportunities,2025-03-18T16:26Z,daily,0.5
https://researchservices.cornell.edu/resources/malign-foreign-government-talent-recruitment-programs,2024-02-14T17:12Z,yearly,0.5
https://researchservices.cornell.edu/resources/mentoring-and-individual-development-plans-nsf,2024-06-18T12:52Z,yearly,0.5
https://researchservices.cornell.edu/resources/monitoring-cost-sharing-project,2022-01-13T14:41Z,never,0.5
https://researchservices.cornell.edu/resources/monitoring-project-expenditures,2023-08-04T15:31Z,yearly,0.5
https://researchservices.cornell.edu/resources/mua-submission-deadline-and-ibc-meeting-dates,2024-07-10T17:02Z,yearly,0.5
https://researchservices.cornell.edu/resources/multi-site-and-collaborative-irb-research,2024-11-14T18:33Z,yearly,0.5
https://researchservices.cornell.edu/resources/nih-training-grant-requirement-rcr-symposium-summary,2023-06-26T21:41Z,yearly,0.5
https://researchservices.cornell.edu/resources/no-cost-extensions,2025-02-11T20:39Z,monthly,0.5
https://researchservices.cornell.edu/resources/nsf-broader-impacts-resources,2024-06-12T20:45Z,yearly,0.5
https://researchservices.cornell.edu/resources/nspm-33,2024-07-16T17:21Z,yearly,0.5
https://researchservices.cornell.edu/resources/overview-costs-project-budgets-budget-and-costing-guide,2022-01-13T15:11Z,never,0.5
https://researchservices.cornell.edu/resources/ovpr-sars-cov-2-seed-grants,2020-12-09T20:42Z,never,0.5
https://researchservices.cornell.edu/resources/payments-subrecipients-sponsored-projects,2025-01-13T20:26Z,yearly,0.5
https://researchservices.cornell.edu/resources/pi-dashboard,2019-10-25T19:00Z,never,0.5
https://researchservices.cornell.edu/resources/plague,2022-11-03T02:04Z,never,0.5
https://researchservices.cornell.edu/resources/policies-permits-and-resources-ibc,2024-10-01T16:03Z,yearly,0.5
https://researchservices.cornell.edu/resources/post-award-reference-employee-benefits-and-facilityadministrative-costs,2022-02-21T21:28Z,never,0.5
https://researchservices.cornell.edu/resources/postdoc-parental-leave-pd-pals,2024-11-21T12:45Z,yearly,0.5
https://researchservices.cornell.edu/resources/postdoctoral-fellows-funding,2025-03-03T20:38Z,monthly,0.5
https://researchservices.cornell.edu/resources/postdoctoral-researcher-supplement-2023,2023-04-07T17:45Z,yearly,0.5
https://researchservices.cornell.edu/resources/potential-zoonoses-and-hazards-associated-reptiles,2022-11-03T01:26Z,never,0.5
https://researchservices.cornell.edu/resources/potential-zoonoses-associated-birds-1,2022-11-03T01:28Z,never,0.5
https://researchservices.cornell.edu/resources/potential-zoonoses-associated-cats,2022-11-03T01:28Z,never,0.5
https://researchservices.cornell.edu/resources/potential-zoonoses-associated-cattle,2022-11-03T01:27Z,never,0.5
https://researchservices.cornell.edu/resources/potential-zoonoses-associated-dogs,2022-11-03T01:27Z,never,0.5
https://researchservices.cornell.edu/resources/potential-zoonoses-associated-fish-and-amphibians,2022-11-03T01:27Z,never,0.5
https://researchservices.cornell.edu/resources/potential-zoonoses-associated-horses,2022-11-03T01:26Z,never,0.5
https://researchservices.cornell.edu/resources/potential-zoonoses-associated-small-ruminants,2022-11-03T01:25Z,never,0.5
https://researchservices.cornell.edu/resources/potential-zoonoses-associated-spf-rodents-and-rabbits,2022-11-03T01:25Z,never,0.5
https://researchservices.cornell.edu/resources/potential-zoonoses-associated-swine-0,2022-11-03T01:25Z,never,0.5
https://researchservices.cornell.edu/resources/potential-zoonoses-associated-wild-mammals,2022-11-03T01:24Z,never,0.5
https://researchservices.cornell.edu/resources/pre-proposals-white-papers-and-letters-intent-loi,2021-07-09T18:50Z,never,0.5
https://researchservices.cornell.edu/resources/pro-research-operations,2025-01-15T15:41Z,yearly,0.5
https://researchservices.cornell.edu/resources/project-closeout-checklist-sfs-financials,2020-05-01T02:37Z,never,0.5
https://researchservices.cornell.edu/resources/project-closeout-checklist-unitprincipal-investigator-financials,2020-05-01T02:39Z,never,0.5
https://researchservices.cornell.edu/resources/project-closeout-manage-data-research-records-and-materials,2024-01-22T02:09Z,yearly,0.5
https://researchservices.cornell.edu/resources/proposal-preparation-and-processing-responsibilities,2020-08-21T20:22Z,never,0.5
https://researchservices.cornell.edu/resources/proposal-review-guidelines,2024-12-12T17:32Z,yearly,0.5
https://researchservices.cornell.edu/resources/proposing-cost-share,2022-01-13T14:43Z,never,0.5
https://researchservices.cornell.edu/resources/proposing-subaward,2023-08-31T17:23Z,yearly,0.5
https://researchservices.cornell.edu/resources/rabies,2022-11-03T01:29Z,never,0.5
https://researchservices.cornell.edu/resources/rcr-requirements-research-awards,2024-08-19T18:37Z,yearly,0.5
https://researchservices.cornell.edu/resources/recurring-and-prestigious-funding-opportunities,2024-03-22T16:58Z,yearly,0.5
https://researchservices.cornell.edu/resources/register-federal-and-non-federal-systems,2024-11-14T16:23Z,yearly,0.5
https://researchservices.cornell.edu/resources/regulated-biological-materials-frequently-asked-questions,2024-07-09T14:36Z,yearly,0.5
https://researchservices.cornell.edu/resources/regulations-and-guidance-use-live-vertebrate-animals-acup-iacuc-policies,2024-06-18T15:40Z,yearly,0.5
https://researchservices.cornell.edu/resources/reopening-cost-allowability-faq,2020-06-04T05:22Z,never,0.5
https://researchservices.cornell.edu/resources/report-animal-welfare-concern,2023-04-06T18:23Z,yearly,0.5
https://researchservices.cornell.edu/resources/report-coi-concern,2023-03-14T18:14Z,never,0.5
https://researchservices.cornell.edu/resources/report-concern-involving-human-participant-research,2023-03-17T16:54Z,never,0.5
https://researchservices.cornell.edu/resources/report-incident-or-exposure-recombinant-or-biohazardous-materials,2024-08-07T13:58Z,yearly,0.5
https://researchservices.cornell.edu/resources/report-research-data-security-task-force,2025-01-22T17:46Z,monthly,0.5
https://researchservices.cornell.edu/resources/research-continuity-planning-faq-ga-unionization,2025-03-18T19:51Z,hourly,0.5
https://researchservices.cornell.edu/resources/research-data-access-update-cornell-research-community,2025-03-07T23:58Z,weekly,0.5
https://researchservices.cornell.edu/resources/research-data-retention,2024-04-24T16:06Z,yearly,0.5
https://researchservices.cornell.edu/resources/research-integrity,2022-10-11T15:37Z,never,0.5
https://researchservices.cornell.edu/resources/research-integrity-council,2023-01-04T19:27Z,never,0.5
https://researchservices.cornell.edu/resources/research-mailing-lists-list-servs,2024-04-26T20:44Z,yearly,0.5
https://researchservices.cornell.edu/resources/research-metrics,2019-11-19T12:00Z,never,0.5
https://researchservices.cornell.edu/resources/research-security-and-compliance-committee-rscc,2024-07-17T14:37Z,yearly,0.5
https://researchservices.cornell.edu/resources/research-security-and-foreign-engagements-helpful-resources,2024-07-17T16:53Z,yearly,0.5
https://researchservices.cornell.edu/resources/responsible-conduct-research-committee-rcrc,2024-12-17T12:43Z,yearly,0.5
https://researchservices.cornell.edu/resources/responsible-conduct-research-rcr-symposium-and-workshop,2024-08-19T17:39Z,yearly,0.5
https://researchservices.cornell.edu/resources/responsible-conduct-research-rcr-topics-and-case-studies,2024-05-31T17:49Z,yearly,0.5
https://researchservices.cornell.edu/resources/rigor-and-reproducibility-planning,2019-06-18T04:47Z,never,0.5
https://researchservices.cornell.edu/resources/salary-certification,2024-08-05T18:26Z,yearly,0.5
https://researchservices.cornell.edu/resources/salmonellosis,2022-11-03T02:12Z,never,0.5
https://researchservices.cornell.edu/resources/sample-proposal-library,2019-06-18T04:39Z,never,0.5
https://researchservices.cornell.edu/resources/sars-cov-2covid-19-funding-opportunities-agency-guidance,2021-09-10T14:18Z,never,0.5
https://researchservices.cornell.edu/resources/scientific-research-infrastructure-committee-survey,2021-07-09T19:30Z,never,0.5
https://researchservices.cornell.edu/resources/serac-now-closed,2020-06-10T04:00Z,never,0.5
https://researchservices.cornell.edu/resources/shared-research-equipment-share-program,2025-03-11T18:50Z,weekly,0.5
https://researchservices.cornell.edu/resources/sponsored-projects-portal-retired,2020-05-01T02:06Z,never,0.5
https://researchservices.cornell.edu/resources/sponsored-projects-tiktok-restrictions,2024-05-08T16:30Z,yearly,0.5
https://researchservices.cornell.edu/resources/standard-individualunilateral-non-disclosure-agreement-nda,2021-09-30T16:09Z,never,0.5
https://researchservices.cornell.edu/resources/subaward-closeout,2023-09-01T13:32Z,yearly,0.5
https://researchservices.cornell.edu/resources/subaward-faqs,2025-01-09T04:07Z,yearly,0.5
https://researchservices.cornell.edu/resources/subawards-risk-assessment,2023-09-01T13:31Z,yearly,0.5
https://researchservices.cornell.edu/resources/subawards-roles-and-responsibilities,2025-01-09T04:09Z,yearly,0.5
https://researchservices.cornell.edu/resources/submit-new-iacuc-protocol,2022-11-02T19:03Z,never,0.5
https://researchservices.cornell.edu/resources/submit-third-year-renewal-existing-iacuc-protocol,2022-11-02T19:07Z,never,0.5
https://researchservices.cornell.edu/resources/subrecipient-monitoring-financial-and-technical,2023-09-01T13:31Z,yearly,0.5
https://researchservices.cornell.edu/resources/transfer-award-another-institution,2019-07-08T19:32Z,never,0.5
https://researchservices.cornell.edu/resources/travel-costs,2019-06-18T05:09Z,never,0.5
https://researchservices.cornell.edu/resources/travel-safety-and-emergency-planning-employees-abroad,2024-09-17T03:14Z,yearly,0.5
https://researchservices.cornell.edu/resources/uniform-guidance-federal-awards,2022-01-13T14:39Z,never,0.5
https://researchservices.cornell.edu/resources/update-federal-transitions-cornell-research-community-january-29-2025,2025-02-11T22:29Z,monthly,0.5
https://researchservices.cornell.edu/resources/upstate-new-york-energy-storage-engine,2025-01-17T20:10Z,yearly,0.5
https://researchservices.cornell.edu/resources/us-federal-government-agencies-strategic-plans-2018-2022,2021-12-21T03:18Z,never,0.5
https://researchservices.cornell.edu/resources/use-foreign-airlines-federal-funds,2023-05-18T15:05Z,yearly,0.5
https://researchservices.cornell.edu/resources/use-student-data-human-participant-research,2023-07-27T17:46Z,yearly,0.5
https://researchservices.cornell.edu/resources/virtual-grantwriting-program,2022-01-07T21:02Z,never,0.5
https://researchservices.cornell.edu/resources/visas,2019-06-02T17:10Z,never,0.5
https://researchservices.cornell.edu/resources/webfin2,2020-01-21T15:12Z,never,0.5
https://researchservices.cornell.edu/resources/who-can-help-finance-staff,2025-02-07T22:02Z,monthly,0.5
https://researchservices.cornell.edu/resources/working-dod,2023-02-02T15:28Z,never,0.5
https://researchservices.cornell.edu/resources/working-nih,2024-07-05T16:49Z,yearly,0.5
https://researchservices.cornell.edu/resources/working-nsf,2024-11-13T02:30Z,yearly,0.5
https://researchservices.cornell.edu/training/attestation-policy-421-research-data-retention-and-policy-422-export-and-import-control,2025-01-08T14:27Z,yearly,0.5
https://researchservices.cornell.edu/training/bloodborne-pathogens,2023-07-24T20:28Z,yearly,0.5
https://researchservices.cornell.edu/training/care-training-and-education-services,2024-02-29T15:19Z,yearly,0.5
https://researchservices.cornell.edu/training/citi-online-courses-cornell-researchers-coi-irb-rcr-export-control,2023-07-10T18:12Z,yearly,0.5
https://researchservices.cornell.edu/training/cu601-responsible-conduct-research-and-research-security,2024-11-13T01:30Z,yearly,0.5
https://researchservices.cornell.edu/training/federal-grants-management-course-fgm-101,2024-01-05T20:16Z,yearly,0.5
https://researchservices.cornell.edu/training/financial-courses-offered-cornell,2024-11-13T02:15Z,yearly,0.5
https://researchservices.cornell.edu/training/iacuc-education-and-training,2022-11-02T18:57Z,never,0.5
https://researchservices.cornell.edu/training/national-council-university-research-administrators-ncura-training-resources,2024-12-13T15:20Z,yearly,0.5
https://researchservices.cornell.edu/training/nature-masterclasses,2024-06-06T22:10Z,yearly,0.5
https://researchservices.cornell.edu/training/osp-roundtables,2025-01-22T20:35Z,monthly,0.5
https://researchservices.cornell.edu/training/racp,2025-01-14T14:07Z,yearly,0.5
https://researchservices.cornell.edu/training/research-innovation-support-services,2021-09-09T17:04Z,never,0.5
https://researchservices.cornell.edu/training/scientific-computing-training-series-no-fee,2022-10-19T20:35Z,never,0.5
https://researchservices.cornell.edu/training/training-unit-research-administrators,2024-11-13T02:20Z,yearly,0.5
https://researchservices.cornell.edu/training/using-kfs-dashboards-manage-accounts-and-transactions-kfsidr-1050,2020-06-11T21:16Z,never,0.5